"OBJECTID","ID_0","ISO","NAME_0","ID_1","NAME_1","ID_2","NAME_2","TYPE_2","ENGTYPE_2","NL_NAME_2","VARNAME_2"
1,153,"MOZ","Mozambique",1,"Cabo Delgado",1,"Ancuabe","Distrito","District",NA,NA
2,153,"MOZ","Mozambique",1,"Cabo Delgado",2,"Balama","Distrito","District",NA,NA
3,153,"MOZ","Mozambique",1,"Cabo Delgado",3,"Chiúre","Distrito","District",NA,NA
4,153,"MOZ","Mozambique",1,"Cabo Delgado",4,"Macomia","Distrito","District",NA,NA
5,153,"MOZ","Mozambique",1,"Cabo Delgado",5,"Mecufi","Distrito","District",NA,NA
6,153,"MOZ","Mozambique",1,"Cabo Delgado",6,"Meluco","Distrito","District",NA,NA
7,153,"MOZ","Mozambique",1,"Cabo Delgado",7,"Mocimboa da Praia","Distrito","District",NA,NA
8,153,"MOZ","Mozambique",1,"Cabo Delgado",8,"Montepuez","Distrito","District",NA,NA
9,153,"MOZ","Mozambique",1,"Cabo Delgado",9,"Mueda","Distrito","District",NA,NA
10,153,"MOZ","Mozambique",1,"Cabo Delgado",10,"Muidumbe","Distrito","District",NA,NA
11,153,"MOZ","Mozambique",1,"Cabo Delgado",11,"Namuno","Distrito","District",NA,NA
12,153,"MOZ","Mozambique",1,"Cabo Delgado",12,"Nangade","Distrito","District",NA,NA
13,153,"MOZ","Mozambique",1,"Cabo Delgado",13,"Palma","Distrito","District",NA,NA
14,153,"MOZ","Mozambique",1,"Cabo Delgado",14,"Pemba","Distrito","District",NA,"Pemba-Metuge"
15,153,"MOZ","Mozambique",1,"Cabo Delgado",15,"Quissanga","Distrito","District",NA,NA
16,153,"MOZ","Mozambique",2,"Gaza",16,"Bilene","Distrito","District",NA,"Bilene-Macia"
17,153,"MOZ","Mozambique",2,"Gaza",17,"Chókwè","Distrito","District",NA,NA
18,153,"MOZ","Mozambique",2,"Gaza",18,"Chibuto","Distrito","District",NA,NA
19,153,"MOZ","Mozambique",2,"Gaza",19,"Chicualacuala","Distrito","District",NA,NA
20,153,"MOZ","Mozambique",2,"Gaza",20,"Chigubo","Distrito","District",NA,NA
21,153,"MOZ","Mozambique",2,"Gaza",21,"Guijá","Distrito","District",NA,NA
22,153,"MOZ","Mozambique",2,"Gaza",22,"Mabalane","Distrito","District",NA,NA
23,153,"MOZ","Mozambique",2,"Gaza",23,"Mandlakazi","Distrito","District",NA,NA
24,153,"MOZ","Mozambique",2,"Gaza",24,"Massangena","Distrito","District",NA,NA
25,153,"MOZ","Mozambique",2,"Gaza",25,"Massingir","Distrito","District",NA,NA
26,153,"MOZ","Mozambique",2,"Gaza",26,"Xai-Xai","Distrito","District",NA,NA
27,153,"MOZ","Mozambique",3,"Inhambane",27,"Funhalouro","Distrito","District",NA,NA
28,153,"MOZ","Mozambique",3,"Inhambane",28,"Govuro","Distrito","District",NA,NA
29,153,"MOZ","Mozambique",3,"Inhambane",29,"Homoine","Distrito","District",NA,NA
30,153,"MOZ","Mozambique",3,"Inhambane",30,"Inharrime","Distrito","District",NA,NA
31,153,"MOZ","Mozambique",3,"Inhambane",31,"Inhassoro","Distrito","District",NA,NA
32,153,"MOZ","Mozambique",3,"Inhambane",32,"Jangamo","Distrito","District",NA,NA
33,153,"MOZ","Mozambique",3,"Inhambane",33,"Mabote","Distrito","District",NA,NA
34,153,"MOZ","Mozambique",3,"Inhambane",34,"Massinga","Distrito","District",NA,NA
35,153,"MOZ","Mozambique",3,"Inhambane",35,"Morrumbene","Distrito","District",NA,NA
36,153,"MOZ","Mozambique",3,"Inhambane",36,"Panda","Distrito","District",NA,NA
37,153,"MOZ","Mozambique",3,"Inhambane",37,"Vilanculos","Distrito","District",NA,"Vilankulo"
38,153,"MOZ","Mozambique",3,"Inhambane",38,"Zavala","Distrito","District",NA,NA
39,153,"MOZ","Mozambique",4,"Manica",39,"Barue","Distrito","District",NA,NA
40,153,"MOZ","Mozambique",4,"Manica",40,"Gondola","Distrito","District",NA,NA
41,153,"MOZ","Mozambique",4,"Manica",41,"Guro","Distrito","District",NA,NA
42,153,"MOZ","Mozambique",4,"Manica",42,"Machaze","Distrito","District",NA,NA
43,153,"MOZ","Mozambique",4,"Manica",43,"Macossa","Distrito","District",NA,NA
44,153,"MOZ","Mozambique",4,"Manica",44,"Manica","Distrito","District",NA,NA
45,153,"MOZ","Mozambique",4,"Manica",45,"Mossurize","Distrito","District",NA,NA
46,153,"MOZ","Mozambique",4,"Manica",46,"Sussundenga","Distrito","District",NA,NA
47,153,"MOZ","Mozambique",4,"Manica",47,"Tambara","Distrito","District",NA,NA
48,153,"MOZ","Mozambique",5,"Maputo City",48,"Boane","Distrito","District",NA,NA
49,153,"MOZ","Mozambique",5,"Maputo City",49,"Maputo","Distrito","District",NA,NA
50,153,"MOZ","Mozambique",6,"Maputo",50,"Boane","Distrito","District",NA,NA
51,153,"MOZ","Mozambique",6,"Maputo",51,"Magude","Distrito","District",NA,NA
52,153,"MOZ","Mozambique",6,"Maputo",52,"Manhiça","Distrito","District",NA,NA
53,153,"MOZ","Mozambique",6,"Maputo",53,"Marracuene","Distrito","District",NA,NA
54,153,"MOZ","Mozambique",6,"Maputo",54,"Matutuíne","Distrito","District",NA,NA
55,153,"MOZ","Mozambique",6,"Maputo",55,"Moamba","Distrito","District",NA,NA
56,153,"MOZ","Mozambique",6,"Maputo",56,"Namaacha","Distrito","District",NA,NA
57,153,"MOZ","Mozambique",7,"Nampula",57,"Angoche","Distrito","District",NA,NA
58,153,"MOZ","Mozambique",7,"Nampula",58,"Erati","Distrito","District",NA,NA
59,153,"MOZ","Mozambique",7,"Nampula",59,"Lalaua","Distrito","District",NA,NA
60,153,"MOZ","Mozambique",7,"Nampula",60,"Malema","Distrito","District",NA,NA
61,153,"MOZ","Mozambique",7,"Nampula",61,"Meconta","Distrito","District",NA,NA
62,153,"MOZ","Mozambique",7,"Nampula",62,"Mecuburi","Distrito","District",NA,NA
63,153,"MOZ","Mozambique",7,"Nampula",63,"Memba","Distrito","District",NA,NA
64,153,"MOZ","Mozambique",7,"Nampula",64,"Mogovolas","Distrito","District",NA,NA
65,153,"MOZ","Mozambique",7,"Nampula",65,"Moma","Distrito","District",NA,NA
66,153,"MOZ","Mozambique",7,"Nampula",66,"Monapo","Distrito","District",NA,NA
67,153,"MOZ","Mozambique",7,"Nampula",67,"Mongincual","Distrito","District",NA,"Mogincual"
68,153,"MOZ","Mozambique",7,"Nampula",68,"Mossuril","Distrito","District",NA,NA
69,153,"MOZ","Mozambique",7,"Nampula",69,"Muecate","Distrito","District",NA,NA
70,153,"MOZ","Mozambique",7,"Nampula",70,"Murrupula","Distrito","District",NA,NA
71,153,"MOZ","Mozambique",7,"Nampula",71,"Nacala Velha","Distrito","District",NA,"Nacala-Velha"
72,153,"MOZ","Mozambique",7,"Nampula",72,"Namapa","Distrito","District",NA,NA
73,153,"MOZ","Mozambique",7,"Nampula",73,"Nampula","Distrito","District",NA,NA
74,153,"MOZ","Mozambique",7,"Nampula",74,"Ribaue","Distrito","District",NA,NA
75,153,"MOZ","Mozambique",8,"Nassa",75,"Cuamba","Distrito","District",NA,NA
76,153,"MOZ","Mozambique",8,"Nassa",76,"Lago Niassa","Water body","Water body",NA,NA
77,153,"MOZ","Mozambique",8,"Nassa",77,"Lago","Distrito","District",NA,NA
78,153,"MOZ","Mozambique",8,"Nassa",78,"Lichinga","Distrito","District",NA,NA
79,153,"MOZ","Mozambique",8,"Nassa",79,"Maúa","Distrito","District",NA,NA
80,153,"MOZ","Mozambique",8,"Nassa",80,"Majune","Distrito","District",NA,NA
81,153,"MOZ","Mozambique",8,"Nassa",81,"Mandimba","Distrito","District",NA,NA
82,153,"MOZ","Mozambique",8,"Nassa",82,"Marrupa","Distrito","District",NA,NA
83,153,"MOZ","Mozambique",8,"Nassa",83,"Mavago","Distrito","District",NA,NA
84,153,"MOZ","Mozambique",8,"Nassa",84,"Mecanhelas","Distrito","District",NA,NA
85,153,"MOZ","Mozambique",8,"Nassa",85,"Mecula","Distrito","District",NA,NA
86,153,"MOZ","Mozambique",8,"Nassa",86,"Metarica","Distrito","District",NA,NA
87,153,"MOZ","Mozambique",8,"Nassa",87,"Muembe","Distrito","District",NA,NA
88,153,"MOZ","Mozambique",8,"Nassa",88,"N'gauma","Distrito","District",NA,NA
89,153,"MOZ","Mozambique",8,"Nassa",89,"Nipepe","Distrito","District",NA,NA
90,153,"MOZ","Mozambique",8,"Nassa",90,"Sanga","Distrito","District",NA,NA
91,153,"MOZ","Mozambique",9,"Sofala",91,"Buzi","Distrito","District",NA,NA
92,153,"MOZ","Mozambique",9,"Sofala",92,"Caia","Distrito","District",NA,NA
93,153,"MOZ","Mozambique",9,"Sofala",93,"Chemba","Distrito","District",NA,NA
94,153,"MOZ","Mozambique",9,"Sofala",94,"Cheringoma","Distrito","District",NA,NA
95,153,"MOZ","Mozambique",9,"Sofala",95,"Chibabava","Distrito","District",NA,NA
96,153,"MOZ","Mozambique",9,"Sofala",96,"Dondo","Distrito","District",NA,NA
97,153,"MOZ","Mozambique",9,"Sofala",97,"Gorongosa","Distrito","District",NA,NA
98,153,"MOZ","Mozambique",9,"Sofala",98,"Machanga","Distrito","District",NA,NA
99,153,"MOZ","Mozambique",9,"Sofala",99,"Maringue","Distrito","District",NA,NA
100,153,"MOZ","Mozambique",9,"Sofala",100,"Marromeu","Distrito","District",NA,NA
101,153,"MOZ","Mozambique",9,"Sofala",101,"Muanza","Distrito","District",NA,NA
102,153,"MOZ","Mozambique",9,"Sofala",102,"Nhamatanda","Distrito","District",NA,NA
103,153,"MOZ","Mozambique",10,"Tete",103,"Angónia","Distrito","District",NA,NA
104,153,"MOZ","Mozambique",10,"Tete",104,"Cahora Bassa","Distrito","District",NA,"Cahora-Bassa"
105,153,"MOZ","Mozambique",10,"Tete",105,"Changara","Distrito","District",NA,NA
106,153,"MOZ","Mozambique",10,"Tete",106,"Chifunde","Distrito","District",NA,NA
107,153,"MOZ","Mozambique",10,"Tete",107,"Chiuta","Distrito","District",NA,NA
108,153,"MOZ","Mozambique",10,"Tete",108,"Macanga","Distrito","District",NA,NA
109,153,"MOZ","Mozambique",10,"Tete",109,"Magoe","Distrito","District",NA,NA
110,153,"MOZ","Mozambique",10,"Tete",110,"Maravia","Distrito","District",NA,NA
111,153,"MOZ","Mozambique",10,"Tete",111,"Moatize","Distrito","District",NA,NA
112,153,"MOZ","Mozambique",10,"Tete",112,"Mutarara","Distrito","District",NA,NA
113,153,"MOZ","Mozambique",10,"Tete",113,"Tsangano","Distrito","District",NA,NA
114,153,"MOZ","Mozambique",10,"Tete",114,"Zumbu","Distrito","District",NA,"Zumbo"
115,153,"MOZ","Mozambique",11,"Zambezia",115,"Alto Molocue","Distrito","District",NA,NA
116,153,"MOZ","Mozambique",11,"Zambezia",116,"Chinde","Distrito","District",NA,NA
117,153,"MOZ","Mozambique",11,"Zambezia",117,"Gile","Distrito","District",NA,NA
118,153,"MOZ","Mozambique",11,"Zambezia",118,"Gurue","Distrito","District",NA,NA
119,153,"MOZ","Mozambique",11,"Zambezia",119,"Ile","Distrito","District",NA,NA
120,153,"MOZ","Mozambique",11,"Zambezia",120,"Inhassunge","Distrito","District",NA,NA
121,153,"MOZ","Mozambique",11,"Zambezia",121,"Lugela","Distrito","District",NA,NA
122,153,"MOZ","Mozambique",11,"Zambezia",122,"Maganja da Costa","Distrito","District",NA,NA
123,153,"MOZ","Mozambique",11,"Zambezia",123,"Milange","Distrito","District",NA,NA
124,153,"MOZ","Mozambique",11,"Zambezia",124,"Mocuba","Distrito","District",NA,NA
125,153,"MOZ","Mozambique",11,"Zambezia",125,"Mopeia","Distrito","District",NA,NA
126,153,"MOZ","Mozambique",11,"Zambezia",126,"Morrumbala","Distrito","District",NA,NA
127,153,"MOZ","Mozambique",11,"Zambezia",127,"Namacurra","Distrito","District",NA,NA
128,153,"MOZ","Mozambique",11,"Zambezia",128,"Namarroi","Distrito","District",NA,"Namaroi"
129,153,"MOZ","Mozambique",11,"Zambezia",129,"Nicoadala","Distrito","District",NA,NA
130,153,"MOZ","Mozambique",11,"Zambezia",130,"Pebane","Distrito","District",NA,NA
